Shot,Sample Type,Ball Speed,Total Carry,Total Distance,Back Spin,Side Spin,Offline,HLA,VLA,Peak Height,Dist to Pin
5,Single shot,110,120,125,6000,-350,-8,-2.0,15.0,25.0,200 mtrs
6,Single shot,111,121,126,6010,-330,-7,-1.9,15.1,25.1,199 mtrs
7,Single shot,112,122,127,6020,-310,-6,-1.8,15.2,25.2,198 mtrs
8,Single shot,113,123,128,6030,-290,-5,-1.7,15.3,25.3,197 mtrs
9,Single shot,114,124,129,6040,-270,-4,-1.6,15.4,25.4,196 mtrs
10,Single shot,115,125,130,6050,-250,-3,-1.5,15.5,25.5,195 mtrs
11,Single shot,116,126,131,6060,-230,-2,-1.4,15.6,25.6,194 mtrs
12,Single shot,117,127,132,6070,-210,-1,-1.3,15.7,25.7,193 mtrs
13,Single shot,118,128,133,6080,-190,0,-1.2,15.8,25.8,192 mtrs
14,Single shot,119,129,134,-100,-170,1,-1.1,15.9,25.9,191 mtrs
